Japanese,English
集客に強いセミナー,集客に強いセミナー
新規の商談獲得に強いセミナー,Seminars strong in acquiring new business negotiations
IT責任者が選ぶセミナー,Seminars chosen by IT managers
日本マーケティングリサーチ機構調べ 調査概要:2021年サービスの比較印象調査,Survey by Japan Marketing Research Organization Overview: 2021 Service Comparison Impression Survey
"ウェビナーを起点とした
“本気”のBtoBマーケティング支援
「マジセミ」のご紹介","ウェビナーを起点とした
“本気”のBtoBマーケティング支援
「マジセミ」のご紹介"
はじめて「マジセミ」をご検討される方へ,For those considering Majisemi for the first time
ウェビナーを活用した東南アジア進出支援,ウェビナーを活用した東南アジア進出支援
日本国内向けとほぼ同じ価格で、東南アジア向けにウェビナー配信が可能。,日本国内向けとほぼ同じ価格で、東南アジア向けにウェビナー配信が可能。
貴社は日本語（又は英語）でのプレゼン動画（＋スライド）を用意するだけ。,貴社は日本語（又は英語）でのプレゼン動画（＋スライド）を用意するだけ。
現地語での字幕の追加、スライドの翻訳、当日の配信まで、全てマジセミ側で対応。,現地語での字幕の追加、スライドの翻訳、当日の配信まで、全てマジセミ側で対応。
オプションで、ウェビナー後のリードフォローや、現地語対応済みのウェビナー動画の２次利用なども可能。,オプションで、ウェビナー後のリードフォローや、現地語対応済みのウェビナー動画の２次利用なども可能。
東南アジアで開催される展示会への共同出展も推進中。,東南アジアで開催される展示会への共同出展も推進中。
その後のフォローに対する,その後のフォローに対する
反応が、約100倍違う,反応が、約100倍違う
  　　　　　　　　　　   ※弊社調べ,※ According to our research
お客様とFace to Faceの,お客様とFace to Faceの
"コミュニケーションができ、
信用・信頼がアップ","コミュニケーションができ、
信用・信頼がアップ"
メールで資料案内した場合の,メールで資料案内した場合の
反応率が約100倍！,is about 100 times!
なぜ“ウェビナー起点”なのか？,なぜ“ウェビナー起点”なのか？
リスト全体にメールした場合,When emailing the entire list
セミナー参加者にメールした場合,When emailing seminar participants
ウェビナーの特徴,ウェビナーの特徴
「インタラクティブな体験」を提供できる,「インタラクティブな体験」を提供できる
ライブでの質疑応答,ライブでの質疑応答
質問や要望を受けながらのデモ、工場視察,質問や要望を受けながらのデモ、工場視察
「生のフィードバック」を得られる,「生のフィードバック」を得られる
事前/事後アンケートはもちろん、講演中の投票や質問など,事前/事後アンケートはもちろん、講演中の投票や質問など
「興味関心が高い」視聴者を得られる,「興味関心が高い」視聴者を得られる
少人数ウェビナーの場合、貴社の商品・サービスが解決できる課題について、困っている人が参加する,少人数ウェビナーの場合、貴社の商品・サービスが解決できる課題について、困っている人が参加する
「場を共有する」ことで信頼関係を構築する,「場を共有する」ことで信頼関係を構築する
“先生”として認知,“先生”として認知
質疑応答などのコミュニケーションを通じた信頼関係の構築,質疑応答などのコミュニケーションを通じた信頼関係の構築
何も接点がないところから、いきなりのテレアポやDMは不信感につながります。,何も接点がないところから、いきなりのテレアポやDMは不信感につながります。
まずは「価値がある情報を提供」するウェビナーを開催することで、最初の接点を構築すると共に、,まずは「価値がある情報を提供」するウェビナーを開催することで、最初の接点を構築すると共に、
「信用・信頼」を獲得することができます。,「信用・信頼」を獲得することができます。
マジセミのサービス概要,マジセミのサービス概要
マジセミのハウスリスト,マジセミのハウスリスト
集客力,集客力
ユーザー企業内訳,ユーザー企業内訳
ハウス,House
リスト,List
全体,Overall
※2020～202４年開催のセミナー申込者から推測,※2020～202４年開催のセミナー申込者から推測
約25万件の,約25万件の
ハウスリストを所有！,ハウスリストを所有！
マネージャー層が中心,Primarily managers
半数近くが,Nearly half work at
大企業にお勤め,大企業にお勤め
ハウスリスト内訳,ハウスリスト内訳
役 職,Position
企業,Company
規模,Size
マジセミでは、より貴社の商品・サービスにマッチした方にウェビナーにご参加いただくために、メール等で集客をする際に、属性指定（セグメント）をする方式ではなく、,マジセミでは、より貴社の商品・サービスにマッチした方にウェビナーにご参加いただくために、メール等で集客をする際に、属性指定（セグメント）をする方式ではなく、
ウェビナーのテーマ設定（タイトル、告知文）を、,ウェビナーのテーマ設定（タイトル、告知文）を、
マジセミ側で設計させていただくことで、,"on behalf of Majisemi,"
貴社のターゲットの割合を増やす方式を採用しております。,adopting a method that increases the proportion of your target audience.
メール配信も全件に送付するのではなく、設定したテーマに関心が高い方を優先して配信しております。,"Emails are not sent to all contacts, but prioritized for those highly interested in the set theme."
マジセミのリストは、,The Majisemi list is
以下の属性にほぼ特化しています。,is almost exclusively focused on the following attributes.
職種,Job function
全業種 × 情報システム部門、DX関連部門,"All industries × Information systems departments, DX-related departments"
全業種 × セキュリティ部門,All industries × Security departments
製造業 × 生産・製造部門,Manufacturing × Production and manufacturing departments
全業種 × バックオフィス部門,All industries × Back office departments
IT企業 × 全職種,IT Companies × All Job Functions
リード獲得,Lead acquisition
ナーチャリング・商談,Nurturing and business negotiations
契 約,Contract
（SiriusDecision社調査）,(SiriusDecisions survey)
コールドリード,Cold lead
27名,27 individuals
8割が2年以内に,80% sign contracts with
競合他社と契約,competitors within 2 years
21名,21 individuals
1名,1 individual
２１名,21 individuals
過去参加者も含め繰り返しウェビナーを開催,"By repeatedly holding webinars, including past participants,"
することで新規リード獲得とナーチャリングを効率化します。,to efficiently acquire new leads and nurture them.
セミナー開催,Seminar hosting
30名,30 participants
繰り返し開催,Repeatedly held
することが重要！,It's important to do so!
ホットリード,Hot leads
3名,3 participants
放置すると,If left unattended
コールドリードの価値とウェビナーを繰り返す事の重要性,The value of cold leads and the importance of repeating webinars
なぜ、ウェビナーを開催する必要があるのか？,Why is it necessary to hold webinars?
マジセミが過去参加者に対して長期フォローを実施し、,"Majisemi conducts long-term follow-ups with past participants,"
アポ獲得を代行する「マジフォロプラス」も提供しています。,and also offers 'Maji Follow Plus' to assist in appointment acquisition.
当日の講演に,Focus on the presentation
集中できる！,on the day!
ワンストップサービスで,"With a one-stop service,"
最初から最後まで,from start to finish
マジセミが代行、だから,"Majisemi handles it all, so"
マジセミをご利用いただくべき理由,Reasons to use Majisemi
貴社のウェビナー運営を代行,Delegate your webinar operations to us
SEO記事作成,SEO article creation
動画作成,Video production
（オプション）,(Optional)
司会進行,Moderation
アンケート集計,Survey aggregation
レポート作成,Report creation
アポ獲得,Appointment acquisition
(オプション）,(Optional)
集客,Attracting attendees
セミナー,Seminar
事務局,Secretariat
企画,Planning
集客費用のみで,All support included
全ての支援がついてきます！,with only the cost of attracting attendees!
振り返り＆,Review &
改善,Improvement
PDCAを繰り返し、勝ちパターンを探索,Repeat PDCA to explore winning patterns
マジセミ集客枠,Majisemi audience acquisition slot
集客ページ作成・公開,Audience acquisition page creation & publication
貴社集客枠,Your audience acquisition slot
公開後,After publication
URLを,We will provide
お渡し,will be provided
マジセミで集客,Attracting customers with Majisemi
貴社ハウスリスト・HP等でご集客,"Attract customers through your company's house list and website, etc."
マジセミ枠,Majisemi slot
申込者データ,Applicant data
マジセミ管理画面,Majisemi management screen
※お断り対象者・キャンセル待ち申込者は除く,*Excludes disqualified applicants and those on the waiting list
貴社集客枠への,Applications to your customer acquisition slot
お申し込みは,Applications are
何名でも課金対象外！,"not subject to charges, regardless of the number!"
貴社がすでにお持ちの,For nurturing your existing
ハウスリストのナーチャリング、,"house list nurturing,"
休眠顧客の掘り起こし、,"reviving dormant customers,"
HP等での新規リード獲得に,"and acquiring new leads through your website, etc.,"
ぜひご活用ください！,please make full use of this!
企画FIX,Plan finalized
参加用URL配信,Distribution of participation URL
1週間前＆前日リマインド配信,Reminder distribution 1 week before & the day before
貴社へ全リード納品,Delivery of all leads to your company
マジセミ集客枠のミラーサイトで、,We will create a dedicated customer acquisition site URL for you
貴社専用の集客サイトURLを作成致します。,we will create a dedicated customer acquisition site URL for your company.
１回のウェビナーで  新規リード獲得  と、  既存リードのナーチャリング  を同時に行うことが可能,"In a single webinar, it is possible to acquire new leads and nurture existing leads simultaneously"
ウェビナー成功事例,Successful webinar case studies
（事例１）「テーマを変更し、120名以上の集客を実現」＜C社＞,"(Case 1) ""Changed the theme and achieved over 120 attendees"" <Company C>"
■お客様の課題,■ Customer's challenges
　・サーバ／インフラ系サービスを中心に販売されている、SIer様,　・サーバ／インフラ系サービスを中心に販売されている、SIer様
　・自社でウェビナーを開催しているが集客できない,・We are hosting webinars in-house but are unable to attract an audience
　・メディアに集客を依頼しても、集客できなかった,"・Even when outsourcing to media, we couldn't attract an audience"
■ご利用いただいたプラン,■ Plan utilized
　・ビジター（その後、マジセミ倶楽部へ移行）,・Visitor (later transitioned to Majisemi Club)
■マジセミでの対応,■ Response by Majisemi
"　・年間1000回のウェビナー開催の中での集客傾向ノウハウや、
　「トレンド分析ツール」な　を活用し、
　「集客できる企画」をマジセミ側で立案、ご提案","・Using the know-how from hosting 1,000 webinars annually and tools like 'Trend Analysis Tool',
  Majisemi plans and proposes 'attractive event concepts'."
■結果,■ Results
　・120名以上の集客実現,・Achieved an audience of over 120 participants
本日の打ち合わせの目的,Purpose of today's meeting
はじめて「マジセミ」をご検討される企業のために、以下のような内容についてお話させていただきます。,"For companies considering ""Majisemi"" for the first time, we will discuss the following topics."
マーケティングにおける課題のヒアリング,Hearing about challenges in marketing
どのようにマジセミをご活用いただくのか？,How will you utilize Majisemi?
（事例2）「テーマを模索しながら50%以上のアポを獲得」＜T社＞,"(Case 2) ""While exploring themes, achieved over 50% appointment acquisition"" <Company T>"
　・ツールベンダー様,・Tool vendors
　・展示会等中心のマーケティングを実施していたが、商談化に苦戦,"・Focused on marketing through exhibitions, but struggled to turn them into business opportunities"
"　・繰り返しウェビナーを開催しながら、「ある程度集客もでき、かつ、商談につながる
　　テーマ」を模索。",・Repeatedly held webinars while searching for 'themes that attract audiences and lead to business'.
　・毎回30名程度の集客をしつつ、商談化率を10%→20%→50%と改善,・Improved conversion rates from 10% to 20% to 50% while attracting about 30 participants each time
　・登壇者が自ら、ウェビナー後のフォローを実施,・Presenters themselves conduct follow-ups after the webinar
（事例3）「オンラインに変更し、20%のアポを獲得」＜Z社＞,"(Case Study 3) ""Switched to online and acquired 20% appointments"" <Company Z>"
　・パッケージ製品・SaaSを開発・販売されているグローバルIT企業,・Global IT company developing and selling packaged products and SaaS
　・オフラインセミナーを開催しているが、集客、出席率で苦戦,・Holding offline seminars but struggling with attendance and participation rates
　・商談にもつながらない,・Not leading to business discussions
　・ビジター,・Visitor
　・オンライン（ウェビナー）のご提案,・Proposal for online (webinars)
　・「商談につながるセミナー企画」を実施,・Conducted 'seminar concepts that lead to business discussions'
　・30人申込み→6件アポを実現,・Achieved 6 appointments from 30 sign-ups
（事例4）「フォロー代行で１５％以上のアポを獲得」＜I社＞,(Case Study 4) 'Acquired over 15% appointments with follow-up outsourcing' <Company I>
　・自社製品も開発しているインフラ系ITベンチャー企業,・Infrastructure IT venture company also developing in-house products
　・何回かウェビナーを開催し、集客は好調だったが、商談につながらない,・Held multiple webinars with good attendance but not leading to business discussions
　・担当者が多忙で、ウェビナー後に十分な営業フォローができていない,・Person in charge is too busy to sufficiently follow up on sales after webinars
　・ウェビナー終了直後から架電するフォロー代行サービス「マジフォロ」を実施,"・Implemented 'Majifollow', a follow-up service that makes calls right after webinars"
　・50人申込み→8件アポを実現,・Achieved 8 appointments from 50 sign-ups
（事例5）「AIがプレゼンし、20%のアポを獲得」＜A社＞,"(Case Study 5) ""AI presented and acquired 20% appointments"" <Company A>"
　・外資系SaaSベンダー,・Foreign-owned SaaS vendor
　・毎回集客は目標達成しているが、商談につながらない,"・Achieving audience targets every time, but not leading to business discussions"
　・講演資料やプレゼン内容にも課題がある,・Challenges with presentation materials and content
　・マジセミ倶楽部,・Majisemi Club
　・生成AIによる講演原稿作成と、AIデジタルヒューマンによるプレゼン代行を実施,・Implemented AI-generated speech scripts and AI digital human presentation delegation
　・20人申込み→4件アポを実現,・Achieved 4 appointments from 20 sign-ups
プランと料金について,About plans and pricing
プランの比較,Plan Comparison
おすすめ,Recommended
ビジター,Visitor
マジセミ倶楽部 ライト,Majisemi Club Light
マジセミ倶楽部 商談保証,Majisemi Club Business Negotiation Guarantee
こんな方におすすめ！,Recommended for these individuals!
ウェビナー開催予定が,Planning to hold webinars
1年で1～2回程度,1 to 2 times a year
年間4回以上ウェビナー開催予定,Planning to hold webinars 4 times or more annually
リード単価を抑えたい,Want to reduce cost per lead
集客ではなく商談（アポ）を,Want business negotiations (appointments) rather than just attracting attendees
保証してほしい,Want a guarantee
リード単価比較,Cost per lead comparison
"14,500円","14,500 yen"
"12,000円（毎月10名）","12,000 yen (10 people monthly)"
"10,000円（追加集客時）","10,000 yen (for additional audience)"
"20,000円（3ヶ月30名）","20,000 yen (30 people in 3 months)"
"13,500円（追加集客時）","13,500 yen (for additional audience)"
過去申込者重複課金対象外,Not subject to duplicate charges for past applicants
※詳細は各プランの説明を参照,※Refer to the description for details on each plan
なし,None
あり,Available
商談（アポ）保証,Business discussion (appointment) guarantee
契約期間,Contract period
1回ごと,Per session
1ヶ月ごと,Monthly
（自動更新）,(Auto-renewal)
3ヶ月ごと,Every 3 months
ウェビナーコンテンツ活用,Utilization of webinar content
リードフォロー・提案・受注,"Lead follow-up, proposal, and order"
　ウェビナー開催,Webinar hosting
基本プラン以外に気になったサービスはございますか？,Are there any services other than the basic plan that interest you?
ウェビナー開催,Webinar hosting
(ビジター orマジセミ倶楽部),(Visitor or Majisemi Club)
"貴社
インサイドセールス","Your Company
Inside Sales"
"または
フィールドセールス","or
Field Sales"
営業代行,Sales outsourcing
(提案・受注),(Proposal and order)
(マジ営業),(Maji Sales)
"ウェビナー
直後のフォロー",Follow-up immediately after the webinar
(マジフォロ),(Maji Follow)
貴社保有リード,Your company-owned leads
（課金対象外）,(Not subject to charge)
見逃し,Missed
配信,Distribution
SEO記事,SEO article
作成,Creation
フル動画,Full video
提供/無料,Provided/Free
再放送,Rebroadcast
2ステップ,2-step
ウェビナー,Webinar
展示会,Exhibition
共同出展,Joint exhibition
講演原稿・資料,Presentation script/materials
作成代行,Content creation agency
AIによる講演代行,AI-powered presentation agency
サマリ,Summary
提供/２次利用,Provided/Secondary use
枠限定,Limited slots
先着順,"First-come, first-served"
多くの企業が,Many companies
活用されます,Will be utilized
新サービス,New service
SEO動画作成,SEO video creation
マジセミ倶楽部か？ビジターか？,Majisemi Club or visitor?
ご請求,Billing
"30名×14,500円","30 participants × 14,500 JPY"
"=435,000円（税別）","= 435,000 JPY (tax excluded)"
"10名×12,000円","10 participants × 12,000 JPY"
"＝120,000円（税別）","= 120,000 JPY (tax excluded)"
集客実績30名,30 participants attracted
マジセミ倶楽部,Majisemi Club
集客枠,Attraction slots
10名,10 people
（月会費）,(Monthly membership fee)
毎月10名分追加,10 participants added monthly
"10名×@12,000円","10 participants × @12,000 JPY"
20名分無料特典を利用,Use free benefit of 20 participants
20名,20 people
マジセミ倶楽部 初回20名分無料特典,Majisemi Club Initial 20 People Free Benefit
１月,January
２月,February
３月,March
４月,April
会費ご請求額,Membership Fee Billing Amount
12万円,"120,000 yen"
集客枠追加,Additional attendance slots
+10名,+10 people
キャンペーンによる,Campaign-Based
集客枠追加（無料）,Additional attendance slots (free)
+20名,+20 people
集客枠残,Remaining Attendance Slots
マジセミ倶楽部をご契約いただき、初回のご開催時に本特典をご利用いただけます。,"By contracting Majisemi Club, you can use this benefit at the time of your first event."
いつでも解約できます。1回で解約した場合でも、ビジターよりお得です。,"You can cancel at any time. Even if you cancel after one session, it is more advantageous than being a visitor."
特典を利用した開催のイメージ,Image of hosting using special offers
初回のみの開催で、3月末の解約（申告は2月末）の場合、,"If hosting only once for the first time and canceling at the end of March (notification by the end of February),"
会費12万円×3ヶ月分のみご請求。,"Only the membership fee of 120,000 yen x 3 months will be charged."
いつでも集客枠を追加購入,You can purchase additional audience slots at any time
（@1万円でお得）することで、,"(at a cost-effective 10,000 yen each) to"
追加でウェビナーを開催可能,allowing additional webinars to be hosted
初回20名分無料,First 20 participants free
すぐに30名定員の,Immediately host a webinar for up to 30 participants
ウェビナー開催可能,Webinar hosting available
ヒアリング,Hearing
この機会に、マジセミをスタートしましょう！,Take this opportunity to start with Majisemi!
マジセミをご利用いただいているクライアント企業様からは,Clients using Majisemi have shared feedback such as
といった声をいただいています。,We have received comments like these.
そしてほとんどのクライアント企業様が、繰り返しマジセミでセミナーを開催しています。,And most client companies repeatedly host seminars with Majisemi.
しかし、以下の不安があると思います。,"However, you might have the following concerns."
スタッフ（アテンダント・キャスト）の対応が素晴らしく、,"The staff (attendants and cast) were excellent,"
セミナー開催が“楽”になりました,making it easier to host seminars.
認知度が上がり、Webからの,"Awareness has increased, and inquiries from the web"
問い合わせも増えました,have also increased.
集客もいいし、,"The audience turnout is good,"
商談に繋がっています,and it leads to business negotiations.
そのようなお客様向けに,"For such customers,"
「マジセミ倶楽部加入時初回20名無料」キャンペーンをご用意しています。,we offer the 'Majisemi Club Membership First 20 Participants Free' campaign.
ぜひマジセミをお試し下さい！,Please try Majisemi!
「本当にターゲット企業が来るのだろうか？」,"""Will the target companies really attend?"""
「どのくらいオペレーションが楽になるのだろうか？」,"""How much easier will the operation become?"""
（ご参考）その他の情報,(For your reference) Other information
～後ほどご確認ください～,~Please check later~
専任の企画担当が、タイトル・告知文を作成します！,A dedicated planning manager will create the title and announcement text!
IT知識を有したマジセミの企画専任担当者が、集客と商談化を実現するウェビナー企画を一緒に作り上げていきます。,A Majisemi planning specialist with IT knowledge will collaborate with you to create a webinar plan that achieves audience acquisition and business negotiations.
アテンダント（セミナー事務局）がウェビナー開催までサポートします！,Attendants (seminar secretariat) will support you until the webinar is hosted!
年間1000回のセミナー運営経験のあるアテンダントが、セミナー開催まで一緒に伴走致します。,"An attendant with experience in operating 1,000 seminars annually will accompany you up to the seminar."
お困りごとは気軽にご相談いただけます！,Feel free to consult us about any issues!
アテンダント,Attendant
（セミナー事務局）,(Seminar administration)
本申込,Final application
商材名・商材情報・ターゲット・ペインポイントを管理システムにご入力いただきます。,"You will enter the product name, product information, target, and pain points into the management system."
メールで,By email
ご確認,Confirmation
弊社にて,At our company
集客ページの,Attraction page
公開準備が,Preparation for publication
スタート！！,Starts!!
企画ミーティング,Planning meeting
オンラインで１時間ミーティングを行います。,A one-hour meeting will be held online.
事前情報を元に、詳細をすり合わせします。,Details will be adjusted based on prior information.
管理システムの承認ボタンを押していただき、企画が確定します。,Press the approval button in the management system to finalize the plan.
集客ページ公開,Launch of the event page
申込ページの作成,Create registration page
申込者対応,Handle registrants
"・お問い合わせ対応
・リマインド","・Respond to inquiries
・Send reminders"
・参加用URLの発行,・Issue participant URLs
STEP５,STEP 5
リハーサル,Rehearsal
"・当日の流れやご要望の確認
・ご講演者の接続環境確認
・ご準備状況の確認","・Confirm schedule and requests for the day
・Check speaker’s connection environment
・Confirm preparation status"
当日,On the day
・司会進行,・Moderation
・アンケート取得,・Collect surveys
キャスト,Cast
企画段階から専任担当がサポート,Dedicated support from the planning stage
企画段階の流れ,Planning stage flow
公開準備開始,Preparation for publication begins
約１時間ミーティングを行います。訴求軸のご提案を行いつつ、詳細のすり合わせを実施いたします。,Hold a meeting for about one hour. We will propose promotional points and refine details.
企画案ご提出,Submit proposal
企画案を作成後、企画担当よりメールで企画案をご提出いたします。,"After creating the proposal, the planning officer will email it to you."
事前準備,Preliminary preparation
あらかじめご共有いただくセミナーテーマについて企画担当が情報収集を行い、訴求軸の案を作成します。,The planning officer will gather information on the seminar theme shared in advance and create proposals for promotional points.
企画案作成,Create proposal
ミーティングですり合わせた内容を基に、企画担当がタイトル・告知文の案を作成します。,"Based on the details discussed in the meeting, the planning officer will draft titles and notification texts."
企画内容のご確認,Confirm proposal content
企画案の内容をご確認いただき、フィードバック事項がある場合は、ご共有ください。,Please review the proposal content and provide feedback if necessary.
企画確定,Finalize proposal
内容のご確認、フィードバックに対する修正が完了しましたら、管理システム上で承認ボタンを押していただき、企画が確定します。,"Once you review the content and the feedback revisions are complete, press the approval button in the management system to finalize the proposal."
配信ツール,Distribution tools
5枠からお選びいただけます,You can choose from 5 time slots
（平日のみ　※土日祝の開催はございません）,(Weekdays only *No events on weekends and holidays)
１０:００～1１:００,10:00-11:00
１1:００～1２:００,11:00-12:00
１３:００～1４:００,13:00-14:00
１４:００～1５:００,14:00-15:00
１５:００～1６:００,3:00 PM - 4:00 PM
2種類からお選びいただけます,You can choose from 2 types
※機能や配信品質の点から、Zoomをおすすめしています,*We recommend Zoom for its functionality and delivery quality
開催時間,Event time
セミナーの一般的な流れ,General flow of the seminar
開催の流れ,Flow of the event
開催当日のこと,On the day of the event
30～40分,30-40 minutes
10～１5分,10-15 minutes
受付開始,Registration starts
オープニング,Opening
（マジセミキャスト）,(Majisemi Cast)
ご講演,Presentation
質疑応答,Q&A
（マジセミキャストがナビゲート）,(Navigated by Majisemi Cast)
15分,15 minutes
5分,5 minutes
終了,End
投票,Poll
※月曜は、14：00の回、15：00の回のみとなります,"* On Mondays, only the 2:00 PM and 3:00 PM sessions are available"
※マジフォロの実施は1０:00、1１:00の回のみです,* Majifolo is only conducted at the 10:00 AM and 11:00 AM sessions
※製造業ターゲットのセミナーは、テーマ重複を避けるため、11時、13時とさせていただいております,"*For seminars targeting the manufacturing industry, to avoid theme overlap, they are scheduled at 11:00 AM and 1:00 PM"
1セミナー1時間が基本です,The basic duration for one seminar is 1 hour
※マジセミが司会を担当するセミナーについて、１時間以上の開催の場合は延長料金がかかります（15万円/時間）,"*For seminars hosted by Majisemi, an additional fee is charged for events longer than 1 hour (150,000 yen/hour)"
録画動画,Recorded video
"フル動画
提供/２次利用※","Full video
provided/secondary use*"
マジリード,Maji Lead
資料DL,Document download
見逃し配信,Missed session streaming
"サマリ動画
作成","Summary video
creation"
"フル動画
提供/無料※","Full video
provided/free*"
欠席者限定で後日配信,Distributed later exclusively to absentees
自社サイトやYouTubeにアップ,Uploaded to your own website or YouTube
自社サイトや,On your own website or
自社運営SNSへの掲載,Post on your company-managed social media
過去マジセミ開催動画を再放送,Rebroadcast past Majisemi event videos
当日登壇無しで手間なし開催,Effortless event without on-the-day presentation
マジセミ以外のウェビナーや、動画,Webinars or videos not hosted by Majisemi
ポータル、広告媒体で２次利用,Secondary use on portals and advertising media
majisemi.comに掲載し,Listed on majisemi.com
新規リードを獲得,Acquire new leads
マジセミ倶楽部特典,Majisemi Club Benefits
"ウェビナー
開催","Webinar
Hosting"
リードナーチャリング,Lead nurturing
ブランディング・新規リード獲得,Branding & new lead acquisition
ウェビナー開催時の,During webinar hosting
コンテンツを再利用して、,Reuse content to
"開催後も継続して
リードナーチャリング
新規リード獲得","Continue lead nurturing
and acquire new leads
even after hosting"
コンテンツの有効活用,Effective use of content
(ブログ)作成,Create (blog)
講演内容から記事を作成,Create articles from presentation content
自社サイトに登録、SEO対策にも,"Register on your own site, also for SEO measures"
"※トライアルでは無料・有料を問わずフル動画の提供を行っておりません。
ただし、本契約後はプランを問わず過去のご開催分を提供可能です。","※In the trial, we do not provide full videos regardless of free or paid. However, after the main contract, past sessions can be provided regardless of the plan."
※お申込者への配慮のため、開催2営業前以降に申込まれた方のご参加お断りはお受けできません。,"※To accommodate applicants, we cannot decline participation for those who apply within 2 business days before the event. "
　 確実に競合企業をお断りしたい等の場合には、申込締切日を3営業日前にご設定ください。,"If you want to ensure competitors are excluded, set the application deadline 3 business days prior."
基本プラン,Basic Plan
"1人申込あたり14,500円(税別)","14,500 yen per application (excluding tax)"
・ 都度開催、都度申込,"・On-demand events, on-demand applications"
・ 集客数による成果報酬型課金,・Performance-based billing based on number of attendees
・ 20人以上からの申込,・Applications from 20 people or more
　（請求は集客人数分のみ）, (Billing is only for the number of attendees)
※集客人数を正確に把握するため、弊社にてお申込みページを準備し、リストを貴社にご提供いたします。,"*To accurately track the number of attendees, we will prepare the application page and provide the list to your company."
※実際のご請求は、申込者数に対して上記最大人数までの成果報酬でご請求させていただきます。定員に達した場合、申込受付をストップ致します。,"*Billing will be based on the number of registrants up to the maximum specified above. Once capacity is reached, registration will be stopped."
※リストの納品は個人情報保護の観点から、セミナー主催者様に直接納品させていただきます。,"*Due to privacy protection considerations, the list will be delivered directly to the seminar organizer."
※セミナーの参加者だけではなく、欠席者（事前キャンセル、当日キャンセル）についても、ご請求対象となります。,"*In addition to participants, absentees (pre-cancellation, day-of cancellation) will also be billed."
※なるべく上限近く集客できるよう努力いたしますが、集客数を保証するものではありません。,"*While efforts will be made to achieve maximum capacity, attendance numbers are not guaranteed."
※セミナーのテーマや同時開催の他のイベントなどの影響により、全く集客できないケースもございます。,*There are cases where no attendees may be drawn due to the seminar theme or concurrent events.
単発でウェビナーを開催いただける完全成果報酬型のプランです。,This is a plan for holding one-time webinars on a fully performance-based fee.
どこまでお任せいただくか4つのタイプからお選びいただけます。,You can choose from four types of delegation levels.
20名からのお申し込みで承ります。,Accepted from applications of 20 people or more.
申込が10人しかなかった場合は、10人分のみのご請求となります。,"If there are only 10 applicants, you will only be billed for those 10 people."
商品名,Product name
内容,Details
数量,Quantity
単価（￥）,Unit price (¥)
金額（￥）,Amount (¥)
マジセミビジター,Majisemi Visitor
（20名））,(20 people)
ウェビナーの,Webinar
企画・集客・運営,"Planning, attracting, and managing"
ビジタープラン,Visitor plan
20名での参考プラン,Reference plan for 20 people
小計,Subtotal
消費税（１０％）,Consumption tax (10%)
合計（税込）,Total (inc. tax)
プラン詳細,Plan details
参考プラン,Reference plan
メニュー,Menu
LP設置,LP setup
司会,Moderator
他メディア,Other media
取込,Capture
URL送付,URL delivery
リマインド,Reminder
提供,Provision
事後,Post-event
アンケート,Survey
マジセミ,Majisemi
標準,Standard
他メディア掲載NG,No other media posting
企画・集客,Planning and attracting
－,-
集客・運営,Attracting and managing
集客のみ,Attracting only
運営,Managing
※定員に達した場合、申込受付をストップいたします。,"* If the capacity is reached, applications will be stopped."
※セミナーの参加者だけではなく、欠席者（事前キャンセル、当日キャンセル）についても、集客人数のカウント対象となります。,* Count includes both participants and absentees (cancellations before or on the day).
※契約は自動的に1か月更新され、その後も同様になります。,* Contract automatically renews monthly and continues on the same terms.
※退会時、余っている集客枠のご返金はできません。また、退会後1年間はマジセミ倶楽部にご入会いただけません。,* No refunds for unused slots upon withdrawal. Re-enrollment in Majisemi Club is prohibited for 1 year after withdrawal.
※退会の際は、退会月の前月の月末までにメールにてご連絡ください。,"* For withdrawal, please notify by email by the end of the month prior to the withdrawal month."
※特典は変更される可能性があります。,* Benefits may change.
マジセミ倶楽部は、繰り返しウェビナーを開催する中でPDCAを回し、より良いウェビナーを創っていく会員制のサービスです。入会には審査があります。,Majisemi Club is a membership service to improve webinars through PDCA in repeated webinars. Admission is subject to approval.
マジセミ倶楽部の場合は、企画＋集客＋司会＋運営のワンストップサービスでのご提供となります。集客のみ、などのご支援はできません。,"For Majisemi Club, we offer a one-stop service for planning, attracting, hosting, and managing. We do not support attracting only."
またセミナーの内容（企画）について「製品紹介」ではなく「課題解決型セミナー」とさせていただきます。製品紹介はプレゼンの後半で行っていただきます。セミナーの内容はマジセミの企画メンバーと相談の上決定させていただきます。貴社の希望するテーマで開催できないことがあります。貴社にてテーマを決定したい場合は、ビジターをご利用ください。,"Also, the seminar content (planning) should be ""problem-solving type seminar"" instead of ""product presentation."" Product presentations should be conducted in the latter half of the presentation. The seminar content will be decided in consultation with the Majisemi planning members. We may not be able to hold it on the theme your company wants. If you want to decide the theme yourself, please use the visitor option."
なお、前述のマジセミ倶楽部の主旨を鑑み、契約開始から１年以内の解約の場合、ペナルティを設定させていただいております。ご了承ください。（ビジターの料金との差額をご請求いたします）,"In consideration of the purpose of Majisemi Club, if you cancel within one year of contract start, a penalty will be imposed. Please note. (You will be charged the difference with the visitor fee.)"
　月会費　12万円（税別）※ライトプラン時　10名分集客枠を含む,"Monthly fee ¥120,000 (excl. tax) *Light plan includes slots for 10 people."
　追加集客枠 @1万円（税別）,"Additional slots @¥10,000 (excl. tax)"
１ヶ月毎の自動更新,Automatic renewal every month
１ヶ月ごとに10名の集客枠を追加,Add slots for 10 people every month.
ウェビナーの最低定員は30名,Minimum attendance for webinar is 30 people.
初月に30名ウェビナー開催の場合は、20名分の追加集客枠を購入（@1万円）,"If hosting a webinar for 30 people in the first month, purchase additional slots for 20 people (@¥10,000)."
集客人数が定員未達だった場合、未達分の集客枠は翌月以降に持ち越し,"If the number of attendees does not meet the capacity, the unmet attendance slots will be carried over to the following months."
@1万円で追加集客枠の購入が可能,"Additional attendance slots can be purchased at @10,000 JPY."
直近過去3回の貴社主催セミナーへの（課金対象の）お申込が1回以上あった方が、当該セミナーに再度お申し込みされた場合は、当該セミナーについては課金対象外( ファン育成),"If a person who has attended one or more of your last three paid seminars registers again for the current seminar, that seminar will not be subject to a charge (fan cultivation)."
その他、一般公開した講演資料DL者のリード提供、ブランディングダッシュボードの提供、トレンド分析ツールの提供、などの特典あり,"Additional perks include providing leads from those who downloaded publicly available presentation materials, the branding dashboard, and a trend analysis tool."
区分,Category
マジセミ倶楽部ライト（30名）,Majisemi Club Light (30 participants)
ウェビナーの企画・集客・運営,"Planning, attracting attendees, and managing webinars"
月会費,Monthly fee
マジセミ倶楽部　ライトプラン,Majisemi Club Light Plan
30名集客を、,"Attracting 30 attendees,"
月会費で10名、追加集客で20名集客した場合,For 10 attendees through monthly membership and 20 attendees through additional efforts
追加集客枠,Additional participant slots
"3２,000","32,000"
「セミナー後の商談化に課題がある」「自社WebサイトのコンテンツやSEOを強化したい」方は、後述のお得なセットプランをご利用ください。,"If you have challenges converting seminars into business discussions or want to strengthen your website content and SEO, we recommend the value set plan described below."
■セミナーで紹介したい対象商品について,■ About the products to be introduced in the seminar
　・どの商品・サービスか？,   ・Which products/services?
　・想定ターゲット（セミナーに呼びたいひと）は？,   ・Who is the target audience (who do you want to invite to the seminar)?
　　・業種、企業規模、部署、役職など,"・Industry, company size, department, position, etc."
　　　※マジセミの得意分野は「全業種の情シス、DX部門、セキュリティ部門と、工場の生産・製造部門」,"※ Majisemi's areas of expertise are ""IT departments, DX departments, security departments across all industries, and production/manufacturing departments in factories"""
　・競合製品は？,   ・Who are the competitors?
　・競合製品に対する強み、差別化ポイントは？,   ・What are the strengths and differentiation points compared to competitor products?
開催,Held
1月,January
2月,February
3月,March
4月,April
5月,May
6月,June
7月,July
8月,August
9月,September
10月,October
11月,November
月初　,Beginning of the month
月会費請求,Monthly fee billing
目標定員,Target capacity
50名,50 participants
集客実績,Event attendance performance
25名,25 participants
48名,48 participants
集客枠消費,Consumption of attendance slots
月末,End of the month
請求,billing
20万円,"200,000 JPY"
33万円,"330,000 JPY"
ご請求パターン,billing pattern
毎月集客枠を10名追加,Add 10 attendance slots each month
初月から30名のセミナーでもOK,It's OK even for a seminar with 30 attendees from the first month
目標定員は30名以上,Target capacity is 30 or more attendees
未達だった分は翌月に繰越,carry over any shortfall to the next month
セミナーはいつ開催しても（しなくても）OK,seminars can be held anytime (or not at all)
（目標定員は30名以上、再放送は10名以上）,"(Target capacity is 30 or more attendees, with rebroadcast for 10 or more attendees)"
50名、100名などの開催もOK,"It's OK to hold events for 50, 100, etc."
不足分は@1万円でご請求,"Any shortfall will be billed at @10,000 JPY."
目標定員以上集客することは無い,There will be no more attendees than the target capacity.
マジセミ倶楽部でのウェビナー開催と請求の例,Example of webinar hosting and billing with Majisemi Club
※集客人数を正確に把握するため、弊社にてお申込みページを準備し、リストを貴社にご提供致します。,"※ To accurately know the number of attendees, we will prepare the application page and provide the list to you."
※定員に達した場合、申込受付をストップ致します。,※ Registration will stop once capacity is reached.
※契約は自動的に３か月更新され、その後も同様になります。,※ The contract automatically renews every three months and will continue to do so.
※退会の際は、退会月の前月の月末までメールにてご連絡ください。,※ Please inform us by email if you intend to withdraw by the end of the month before the withdrawal month.
※商談保証付きに関してはお受けできない場合がございます。,※ We may not be able to accommodate the discussion assurance option.
3ヵ月毎に自動更新のプランです。30名の集客と3件の商談（アポ）を保証します。,This is a plan that automatically renews every 3 months. It guarantees 30 attendees and 3 business discussions (appointments).
セミナー内容の企画、集客、当日の運営、当日参加者への資料送付までを弊社にて行います。,We will handle everything from planning seminar content and attracting attendees to managing the event and sending materials to participants.
マジフォロは料金に含まれています。,Majifolo is included in the fee.
初回セミナーで30人・3件に満たない場合、その四半期、又は翌四半期以降に繰り越すか、,"If fewer than 30 attendees or 3 discussions are achieved in the initial seminar, it will be carried over to the current or next quarter,"
　　 追加でセミナー開催致します。（基本は初回達成を目指します）,     We will host additional seminars accordingly. (The goal is to achieve this in the initial attempt.)
3ヵ月毎に60万円(税別),"600,000 JPY every 3 months (tax excluded)"
3ヵ月毎の契約で自動更新,Contract auto-renews every 3 months
3ヵ月毎に30人の集客と3件の商談を保証,Guaranteed 30 attendees and 3 business discussions every 3 months
マジフォロを無料で付与,Included Majifolo for free
未達の場合は未達分を次回以降のセミナーに繰り越し,"If unmet, the shortfall will be carried over to future seminars"
"31人以上追加開催の場合は1人申込13,500円","For additional hosting of 31 or more people, registration per person is 13,500 yen"
マジセミ倶楽部開催（30名）,Majisemi Club event (30 participants)
マジフォロ（30名）,Majifolo (30 participants)
参加者への電話・メールでのアポ取り,Appointment setting via phone and email for participants
マジセミ倶楽部商談保証では全件無料,All cases are free with the Majisemi Club meeting guarantee
マジセミ倶楽部　商談保証プラン,Majisemi Club meeting guarantee plan
30名での参考プラン,Reference plan for 30 participants
集客・商談を保証!,Guaranteed attendance and meetings!
ライト,Light
シルバー,Silver
ゴールド,Gold
プラチナ,Platinum
プレミアム,Premium
付属サ|ビス,Included services
マジフォロ,MajiFollow
マジフォロプラス,MajiFollow Plus
サマリ動画,Summary video
　 ●※1, ●※1
追加集客枠プレゼント,Bonus slots for additional attendees
（特典）※４,(Special offer) ※4
毎年10人分,10 people each year
10万円相当,"100,000 yen equivalent"
毎年20人分,20 people each year
20万円相当,"200,000 yen equivalent"
毎年40人分,40 people each year
40万円相当,"400,000 yen equivalent"
毎年80人分,80 people each year
80万円相当,"800,000 yen equivalent"
13.5万円,"135,000 yen"
15.5万円,"155,000 yen"
25.5万円,"255,000 yen"
38.5万円,"385,000 yen"
※１　SEO記事作成、サマリ動画作成は、年4回まで実施可能です。また、別途オプションとして購入いただくことでそれ以上も実施可能です。,※1 SEO article creation and summary video creation can be conducted up to four times a year. Additional instances can be purchased as an option.
※２　マジフォロは年120人分まで実施可能です。また、別途オプションとして購入いただくことでそれ以上も実施可能です。,※2 MajiFollow can be conducted for up to 120 people per year. Additional instances can be purchased as an option.
※３　マジフォロプラスの毎月の活動費用を含んでいます。アポ獲得時の成果報酬（1アポ3万円）が別途かかります。,"※3 Includes the monthly activity cost for MajiFollow Plus. A success fee (30,000 yen per appointment) will be incurred separately."
※４　追加集客枠プレゼント特典は、マジセミ倶楽部にご加入いただいてから1年後に付与され、以降毎年同月に付与されます。,※4 The bonus slots for additional attendees will be granted one year after joining Majisemi Club and will be granted in the same month each year thereafter.
(金額は全て税別です),(All amounts are tax exclusive)
マジセミ倶楽部のお得なプラン（改定予定）,Cost-effective plan for Majisemi Club (update pending)
シンプルにウェビナー,Simple webinars
開催だけ依頼したい,Just want to request hosting
講演内容を,Want to use the lecture content
Webサイトにも活用したい,On the website too
ウェビナー開催直後に,Want to follow up
フォローしたい,Immediately after the webinar
ウェビナーから確実に,ウェビナーから確実に
商談につなげたい,商談につなげたい
ウェビナーの効果を,ウェビナーの効果を
最大化したい,最大化したい
その他のオプション　※詳細は個別にご相談ください,その他のオプション　※詳細は個別にご相談ください
名称,Name
料金（税別）,Price (excluding tax)
（セミナー後のフォロー代行）,(Post-seminar follow-up)
"@3,500円×集客人数","@3,500円×集客人数"
マジセミのフォロー専門スタッフが、セミナー終了直後に参加者、欠席者に対して、メール、電話でフォローします。,マジセミのフォロー専門スタッフが、セミナー終了直後に参加者、欠席者に対して、メール、電話でフォローします。
5万円,5万円
"セミナーの講演内容から、SEOを意識した3,000字程度の記事を作成します。貴社のWebサイトに掲載することで、コンテンツマーケティングを促進します。","セミナーの講演内容から、SEOを意識した3,000字程度の記事を作成します。貴社のWebサイトに掲載することで、コンテンツマーケティングを促進します。"
フル動画提供/有料,Full video provision/paid
セミナー動画をご提供させていただき、２次利用していただくためのオプションです。,セミナー動画をご提供させていただき、２次利用していただくためのオプションです。
※一定の利用制限内であれば無料でご提供いたします。トライアル時は、有料、無料ともご提供はありません。,※一定の利用制限内であれば無料でご提供いたします。トライアル時は、有料、無料ともご提供はありません。
サマリ動画作成,Summary video creation
セミナー動画をYoutube等に掲載する場合、長時間の動画は嫌われる傾向があります。このため5～10分程度に編集してご提供いたします。,セミナー動画をYoutube等に掲載する場合、長時間の動画は嫌われる傾向があります。このため5～10分程度に編集してご提供いたします。
セミナー申込者の内、当日欠席された方に対して、当日の動画を視聴していただきます。,セミナー申込者の内、当日欠席された方に対して、当日の動画を視聴していただきます。
"@14,500円/10,000円","@14,500円/10,000円"
過去マジセミで開催した録画を使って、手間なく追加のウェビナーを開催します。,過去マジセミで開催した録画を使って、手間なく追加のウェビナーを開催します。
２ステップウェビナー,Two-step webinar
２０万円,２０万円
過去に貴社のウェビナーにお申し込みいただいた方（貴社の見込み客）に対して、より商談（アポ）につながるテーマ（他社比較、製品紹介、デモなど）を企画し、開催します。,過去に貴社のウェビナーにお申し込みいただいた方（貴社の見込み客）に対して、より商談（アポ）につながるテーマ（他社比較、製品紹介、デモなど）を企画し、開催します。
運営支援（運営代行）,Operational support (operation outsourcing)
貴社セミナーの運営を代行します。申込みページの作成、申込者の管理、Zoomの貸出、当日の司会進行、など一連の作業を代行します。（集客は含まれません。貴社にて集客していただきます。）,貴社セミナーの運営を代行します。申込みページの作成、申込者の管理、Zoomの貸出、当日の司会進行、など一連の作業を代行します。（集客は含まれません。貴社にて集客していただきます。）
マジセミ代表 寺田による,マジセミ代表 寺田による
貴社セミナーでのプレゼン,Presentation at your seminar
30万円～,30万円～
※30分～1時間程度,※30分～1時間程度
マジセミ代表 寺田が、貴社セミナーでのプレゼンや対談、パネルディスカッションのファシリテーターを行います。テーマはご相談ください。,マジセミ代表 寺田が、貴社セミナーでのプレゼンや対談、パネルディスカッションのファシリテーターを行います。テーマはご相談ください。
“エバンジェリストAI”デジタル寺田による基調講演代行,“エバンジェリストAI”デジタル寺田による基調講演代行
10万円,10万円
生成AIを活用した“エバンジェリストAI”デジタル寺田が、貴社のウェビナーで基調講演を行います。,生成AIを活用した“エバンジェリストAI”デジタル寺田が、貴社のウェビナーで基調講演を行います。
・セミナーで講演するが、講演原稿・スライドを作成する時間がない,- Want to give a seminar presentation but don't have time to create the script and slides
・プレゼンが上手な社員がいない（又は忙しい）ため、プレゼンまで含めて代行してほしい,"- No skilled presenters among employees (or they are too busy), so want to outsource the presentation as well"
1本5万円～,1本5万円～
※10本単位、初期費用別,※10本単位、初期費用別
Youtubeの検索や、Googleの動画検索で上位表示を狙うための施策です。マジセミが貴社専用のAIアバターを作成、用語解説の動画コンテンツを作成します。原稿も納品、ブログ活用も可能です。,Youtubeの検索や、Googleの動画検索で上位表示を狙うための施策です。マジセミが貴社専用のAIアバターを作成、用語解説の動画コンテンツを作成します。原稿も納品、ブログ活用も可能です。
製品比較動画作成,Product comparison video creation
50万円～,50万円～
※初期費用別,※初期費用別
貴社の製品の強みを強力に認知させるための競合製品比較動画を作成します。マジセミが貴社専用のAIアバターを作成、製品比較動画コンテンツを作成します。ウェビナーでの配信も可能です。,貴社の製品の強みを強力に認知させるための競合製品比較動画を作成します。マジセミが貴社専用のAIアバターを作成、製品比較動画コンテンツを作成します。ウェビナーでの配信も可能です。
注意事項,Notes
 割増料金,Additional charges
 キャンセル料金, キャンセル料金
全てのサービスにおいて、マジカン（マジセミ管理画面）から「本申込」をしていただいた後、又は発注書・申込書を受領した後にキャンセルされた場合、100%のキャンセル料金が発生します。,全てのサービスにおいて、マジカン（マジセミ管理画面）から「本申込」をしていただいた後、又は発注書・申込書を受領した後にキャンセルされた場合、100%のキャンセル料金が発生します。
但し、ウェビナー開催については、ビジターは20名分のキャンセル料金、マジセミ倶楽部においては30名分の集客枠の消費を上限とします。,但し、ウェビナー開催については、ビジターは20名分のキャンセル料金、マジセミ倶楽部においては30名分の集客枠の消費を上限とします。
マジフォロについては、ビジターの場合は20名分、マジセミ倶楽部の場合は30名分のキャンセル料金を上限とします。,マジフォロについては、ビジターの場合は20名分、マジセミ倶楽部の場合は30名分のキャンセル料金を上限とします。
ウェビナー開催において、タイトル、告知文などの調整が遅れて、ウェビナーの公開が開催日の１０営業日前の17時までに行えなかった場合、キャンセルの扱いとし上記キャンセル料金をご請求いたします。,ウェビナー開催において、タイトル、告知文などの調整が遅れて、ウェビナーの公開が開催日の１０営業日前の17時までに行えなかった場合、キャンセルの扱いとし上記キャンセル料金をご請求いたします。
マジセミ倶楽部の退会時、集客枠残について返金できません。,マジセミ倶楽部の退会時、集客枠残について返金できません。
マジセミ倶楽部の主旨を鑑み、マジセミ倶楽部の契約開始から１年以内の解約の場合、ペナルティを設定させていただいております。ご了承ください。（ビジターの料金との差額をご請求いたします）,マジセミ倶楽部の主旨を鑑み、マジセミ倶楽部の契約開始から１年以内の解約の場合、ペナルティを設定させていただいております。ご了承ください。（ビジターの料金との差額をご請求いたします）
開催4週間前を過ぎての発注は、料金が割り増しになります。,開催4週間前を過ぎての発注は、料金が割り増しになります。
単価（税別）,Unit price (excluding tax)
上限指定,上限指定
基本料金,Basic fee
（開催4週間前以前の発注）,(Order placed 4 weeks before the event)
20名以上,More than 20 people
開催4週間前を過ぎての発注,Order placed after 4 weeks before the event
×1.25倍 割増,×1.25 times surcharge
開催3週間前を過ぎての発注,Order placed after 3 weeks before the event
×2倍 割増,×2 times surcharge
開催4週間前の本申込みが間に合わない場合、割増料金の設定はございませんが、ご相談の上開催を延期させていただきます。,"If the application cannot be completed 4 weeks before the event, there are no additional charges, but the event will be postponed upon consultation."
マジセミ倶楽部各種,Various Majisemi Club
■基本的には6週間前から打ち合わせし、開催4週間前に本申込みいただくスケジュール感となります。,"■ Typically, we start discussions 6 weeks in advance, aiming to finalize applications 4 weeks before the event."
マジセミ株式会社,Majisemi Corporation
会社概要,Company overview
会社名,Company name
本社所在地,Head office location
代表者名,Representative
事業内容,Business activities
セミナー開催実績,Seminar hosting achievements
設立,Established
資本金,Capital
従業員数,Number of employees
"〒105-0022　東京都港区海岸1丁目2-20汐留ビルディング３階
寺田　雄一","3rd Floor, Shiodome Building, 1-2-20 Kaigan, Minato-ku, Tokyo 105-0022
Yuichi Terada"
IT・製造業専門セミナーマーケティングサービス「マジセミ」の運営,"Operation of the B2B seminar marketing service ""Majisemi"" specializing in IT and manufacturing industries"
"昨年実績　約1,0００回開催、延べ動員数 約6０,000人（2023年）","Last year's achievement: approximately 1,000 events held with a total attendance of about 60,000 people (2023)"
2018年1月,January 2018
"1,000万円",10 million yen
４5名,45 employees
"デジタル関連のプロダクトやサービスとの新たな出会いと体験の場を創造することで
国内産業の発展と、エンジニアの活躍促進を実現する                 。","To create a platform for new encounters and experiences with digital products and services, thereby promoting the development of domestic industries and the advancement of engineers."
そのために、提供企業の規模の大小に関係なく、優れた技術やその可能性を広く社会に伝える,"To achieve this, we aim to communicate superior technology and its potential widely to society, regardless of the size of the providing company."
エンドユーザーに対して、技術そのものではなく、その技術でどのような課題が解決できるのかを、わかりやすく伝える,"To communicate clearly to end users not the technology itself, but how their problems can be solved by that technology."
"2025年には、年間2,000回のウェビナーを開催する","By 2025, we aim to host 2,000 webinars annually."
セミナーをエンタメに変える,Transform seminars into entertainment
セミナーで社会を変える,Change society through seminars
日本マーケティングリサーチ機構調べ調査概要:2021年サービスの比較印象調査,Survey overview by Japan Marketing Research Organization: 2021 service comparison impression survey
集客に強いセミナーNo.1,No.1 in seminars strong in attracting customers
新規の商談獲得に,For acquiring new business negotiations
強いセミナー,Seminars strong in
IT責任者が,Seminars chosen by
選ぶセミナー,IT managers
おかげ様で３つのNo.１,"Thanks to you, we achieved three No.1"
獲得しました！1,achieved! 1
取引実績,Transaction record
A10ネットワークス株式会社,"A10 Networks, Inc."
アイテック阪急阪神株式会社,"ITec Hankyu Hanshin Co., Ltd."
アドバンテック株式会社,"Advantech Co., Ltd."
株式会社アクシオ,AXIO Corporation
株式会社アシスト,Assist Corporation
伊藤忠テクノソリューションズ株式会社,ITOCHU Techno-Solutions Corporation
株式会社インターネットイニシアティブ,Internet Initiative Japan Inc.
インフォコム株式会社,Infocom Corporation
エクイニクス・ジャパン株式会社,Equinix Japan K.K.
SCSK株式会社,SCSK Corporation
エフセキュア株式会社,F-Secure Corporation
エムオーテックス株式会社,MOTEX Inc.
エンカレッジ・テクノロジ株式会社,"Encourage Technologies Co., Ltd."
エントラストジャパン株式会社,"Entrust Japan Co., Ltd."
株式会社オージス総研,"OGIS-RI Co., Ltd."
株式会社オプロ,"OPRO Co., Ltd."
クリックテック・ジャパン株式会社,QlikTech Japan K.K.
クロス・ヘッド株式会社,"Cross Head Co., Ltd."
KCCSモバイルエンジニアリング株式会社,"KCCS Mobile Engineering Co., Ltd."
株式会社サーバーワークス,"Serverworks Co., Ltd."
サイオステクノロジー株式会社,"Sios Technology, Inc."
サイバートラスト株式会社,"Cybertrust Japan Co., Ltd."
株式会社ジール,ZEAL Corporation
CTCシステムマネジメント株式会社,CTC System Management Corporation
株式会社システナ,Systena Corporation
シンガポールテレコム・ジャパン株式会社,"Singapore Telecommunications Japan Co., Ltd."
GMOグローバルサイン株式会社,GMO GlobalSign K.K.
JBサービス株式会社,"JB Service Co., Ltd."
スターティアレイズ株式会社,"Startia Raise, Inc."
株式会社スマートスタイル,"Smart Style Co., Ltd."
住友電工情報システム株式会社,"Sumitomo Electric Information Systems Co., Ltd."
ゾーホージャパン株式会社,Zoho Japan Corporation
株式会社ソリトンシステムズ,Soliton Systems K.K.
ダイナトレース,Dynatrace
TIS株式会社,TIS Inc.
テクバン株式会社,"Techvan Co., Ltd."
テクマトリックス株式会社,TechMatrix Corporation
株式会社デリバリーコンサルティング,Delivery Consulting Inc.
デル EMC,Dell EMC
日本システムウエア株式会社,NSW Inc.
株式会社ヒューリンクス,Hulinks Inc.
Netskope Japan株式会社,"Netskope Japan Co., Ltd."
株式会社パソナテック,"Pasona Tech, Inc."
東日本電信電話株式会社,Nippon Telegraph and Telephone East Corporation
富士通株式会社,Fujitsu Limited
富士通コミュニケーションサービス株式会社,Fujitsu Communication Services Limited
富士電機ITソリューション株式会社,"Fuji Electric IT Solutions Co., Ltd."
三菱電機ｲﾝﾌｫﾒｰｼｮﾝｼｽﾃﾑｽﾞ株式会社,Mitsubishi Electric Information Systems Corporation
ミランティス・ジャパン株式会社,Mirantis Japan Corporation
株式会社モンスター・ラボ,"Monstar Lab, Inc."
株式会社レッドチーム・テクノロジーズ,Red Team Technologies Inc.
株式会社ロゼッタ,Rosetta Corporation
（代理店）,(Agent)
株式会社エムエム総研,MM Research Institute
株式会社クリエイティブバンク,Creative Bank Inc.
ターゲットメディア株式会社,"Target Media Co., Ltd."
株式会社日本経済広告社,Nikkei Advertising Inc.
株式会社ビックビート,Bigbeat Inc.
株式会社マイナビ,Mynavi Corporation
主要顧客のみ、五十音順,"Major clients only, listed in alphabetical order"
取引先と,With partners and
セミナー開催数が,The number of seminars hosted is
毎年増加中！,Increasing every year!
新規の商談獲得に強いセミナーNo.1,No.1 for acquiring new business negotiations by seminars
IT責任者が選ぶセミナーNo.1,No.1 seminar chosen by IT managers
■セミナー（ウェビナー）の必要性について,■ About the necessity of seminars (webinars)
　・リード獲得の手段として重要視するものは？,　・What is considered important for lead acquisition?
　　・セミナー（ウェビナー）,　　・Seminar (webinar)
　　・Webサイト（コンテンツマーケティング）,　　・Website (content marketing)
　　・リアル展示会,　　・Real exhibitions
　　・比較サイト,　　・比較サイト
　　・GoogleやFacebookなどへの広告,　　・GoogleやFacebookなどへの広告
　　・テレアポ,　　・テレアポ
　　・その他,　　・その他
■予算の状況,■予算の状況
　・リード獲得単価、アポ獲得単価,　・リード獲得単価、アポ獲得単価
　・セミナー（ウェビナー）の予算の有無、及び金額,　・セミナー（ウェビナー）の予算の有無、及び金額
　・上記リード獲得手段の予算の割合,　・上記リード獲得手段の予算の割合
　・予算の策定、決定時期,　・予算の策定、決定時期
■セミナー（ウェビナー）の目的／課題,■セミナー（ウェビナー）の目的／課題
　・より多くのリードを獲得したい／集客できない,　・より多くのリードを獲得したい／集客できない
　・ターゲットに合ったリードを獲得したい／リードの質が悪い,　・ターゲットに合ったリードを獲得したい／リードの質が悪い
　・ウェビナーから商談につなげたい／商談につながらない,　・ウェビナーから商談につなげたい／商談につながらない
　・ウェビナーの運営を代行してほしい／運営が大変,　・ウェビナーの運営を代行してほしい／運営が大変
　・まずはスモールスタートでウェビナーをやってみたい,　・まずはスモールスタートでウェビナーをやってみたい
　・その他,　・その他
　・ウェビナーを活用した、東南アジアにおける新規顧客開拓やテストマーケティング,　・ウェビナーを活用した、東南アジアにおける新規顧客開拓やテストマーケティング
なぜ「ウェビナー」なのか？,なぜ「ウェビナー」なのか？
BtoBマーケティングにおけるウェビナーの役割,BtoBマーケティングにおけるウェビナーの役割
製品・サービスを絞って,製品・サービスを絞って
評価・選定、稟議,評価・選定、稟議
製品・サービスの,製品・サービスの
候補を捜す,候補を捜す
課題に気づき,課題に気づき
社内で検討,社内で検討
課題に,課題に
気づいてない,気づいてない
課題に気づかせる,課題に気づかせる
課題について深く理解させ、,課題について深く理解させ、
解決方法を提示する,解決方法を提示する
競合よりもお客様に早く接触し、課題解決をサポートする,競合よりもお客様に早く接触し、課題解決をサポートする
数社～十数者程度の検討の候補に入り、２～３社の最終候補に残る,数社～十数者程度の検討の候補に入り、２～３社の最終候補に残る
２～３社の最終候補から自社を選んでもらう,２～３社の最終候補から自社を選んでもらう
リアル展示会,リアル展示会
オンラインイベント,オンラインイベント
課題に気づかせる。,課題に気づかせる。
課題について深く理解させる。,課題について深く理解させる。
競合よりもお客様に先に接触し、自社を知ってもらう。,競合よりもお客様に先に接触し、自社を知ってもらう。
Webサイト,Webサイト
コンテンツマーケティング,Content Marketing
SNS広告,Social Media Advertising
資料ダウンロード,Downloadable Materials
課題を深く理解させる。,Deepen understanding of challenges.
また競合比較情報や、自社製品の情報を提供する。,Also provide competitive comparison information and information about our products.
既存リードのナーチャリング（育成）目的。,For nurturing existing leads.
フィールドセールス,Field Sales
ウェビナーコンテンツの活用,Utilization of Webinar Content
ウェビナーを開催すると、,"When hosting a webinar,"
多くのコンテンツが生成される,a lot of content is generated.
●講演資料　→ホワイトペーパー,● Presentation materials → White Paper
●講演動画　→Youtube、SNS,"● Presentation video → YouTube, Social Media"
●講演内容　→SEO記事、ブログ,"● Presentation content → SEO articles, blogs"
提案・受注,Proposal and order
リード育成,Lead Nurturing
リード獲得におけるウェビナーの位置付け,Positioning of Webinars in Lead Acquisition
リード獲得単価,Cost per Lead
興味関心,Interest
低い,Low
高い,High
"30,000円","30,000 yen"
"10,000円","10,000 yen"
"5,000円","5,000 yen"
オンライン,Online
　展示会, Exhibition
(大規模ウェビナー),(Large-scale Webinar)
比較サイト,Comparison Sites
メール広告,Email Advertising
リスティング／SNS広告,Listing/Social Media Advertising
倶楽部,Club
"10,000円～","10,000 yen and up"
オンデマンド,オンデマンド
動画配信,Video distribution
テレアポ,Telemarketing
